Vict Age,Vict Sex,heure,jour,mois,LAT,LON,LOCATION,danger
14,F,10,1,1,30.41544822365992,-9.559128977940917,Agadir,0
27,M,18,2,2,30.41544822365992,-9.559128977940917,Agadir,0
33,F,9,3,3,30.41544822365992,-9.559128977940917,Agadir,0
51,M,12,4,4,30.41544822365992,-9.559128977940917,Agadir,0
46,F,19,5,5,30.41544822365992,-9.559128977940917,Agadir,0
38,M,11,6,6,30.41544822365992,-9.559128977940917,Agadir,0
22,F,7,7,7,30.41544822365992,-9.559128977940917,Agadir,0
59,M,15,1,8,30.41544822365992,-9.559128977940917,Agadir,0
17,F,14,2,9,30.41544822365992,-9.559128977940917,Agadir,0
42,M,13,3,10,30.41544822365992,-9.559128977940917,Agadir,0
26,F,8,4,11,30.41544822365992,-9.559128977940917,Agadir,0
36,M,20,5,12,30.41544822365992,-9.559128977940917,Agadir,0
53,F,17,6,1,30.41544822365992,-9.559128977940917,Agadir,0
15,M,16,7,2,30.41544822365992,-9.559128977940917,Agadir,0
29,F,18,1,3,30.41544822365992,-9.559128977940917,Agadir,0
12,M,7,2,4,30.41544822365992,-9.559128977940917,Agadir,0
39,F,10,3,5,30.41544822365992,-9.559128977940917,Agadir,0
45,M,19,4,6,30.41544822365992,-9.559128977940917,Agadir,0
20,F,12,5,7,30.41544822365992,-9.559128977940917,Agadir,0
58,M,13,6,8,30.41544822365992,-9.559128977940917,Agadir,0
25,F,8,1,3,30.355775458060005,-9.546045111617302,Agadir,0
28,M,10,2,5,30.355775458060005,-9.546045111617302,Agadir,0
35,F,12,3,8,30.355775458060005,-9.546045111617302,Agadir,0
40,M,14,4,11,30.355775458060005,-9.546045111617302,Agadir,0
29,F,16,5,6,30.355775458060005,-9.546045111617302,Agadir,0
32,M,18,6,9,30.355775458060005,-9.546045111617302,Agadir,0
30,F,20,7,4,30.355775458060005,-9.546045111617302,Agadir,0
26,M,22,1,7,30.355775458060005,-9.546045111617302,Agadir,0
27,F,9,2,2,30.355775458060005,-9.546045111617302,Agadir,0
38,M,11,3,12,30.355775458060005,-9.546045111617302,Agadir,0
31,F,13,4,5,30.355775458060005,-9.546045111617302,Agadir,0
36,M,15,5,10,30.355775458060005,-9.546045111617302,Agadir,0
33,F,17,6,3,30.355775458060005,-9.546045111617302,Agadir,0
34,M,19,7,8,30.355775458060005,-9.546045111617302,Agadir,0
32,F,21,1,6,30.355775458060005,-9.546045111617302,Agadir,0
30,M,23,2,4,30.355775458060005,-9.546045111617302,Agadir,0
28,F,7,3,11,30.355775458060005,-9.546045111617302,Agadir,0
33,M,8,4,2,30.355775458060005,-9.546045111617302,Agadir,0
31,F,10,5,7,30.355775458060005,-9.546045111617302,Agadir,0
29,M,12,6,9,30.355775458060005,-9.546045111617302,Agadir,0
34,F,6,1,3,32.292967309279405,-9.238811082445938,Safi,0
28,M,7,2,5,32.292967309279405,-9.238811082445938,Safi,0
40,F,9,3,7,32.292967309279405,-9.238811082445938,Safi,0
35,M,12,4,1,32.292967309279405,-9.238811082445938,Safi,0
30,F,16,5,3,32.292967309279405,-9.238811082445938,Safi,0
42,M,10,6,8,32.292967309279405,-9.238811082445938,Safi,0
38,F,14,7,2,32.292967309279405,-9.238811082445938,Safi,0
47,M,17,1,6,32.292967309279405,-9.238811082445938,Safi,0
33,F,13,2,4,32.292967309279405,-9.238811082445938,Safi,0
22,M,18,3,9,32.292967309279405,-9.238811082445938,Safi,0
41,F,11,4,12,32.292967309279405,-9.238811082445938,Safi,0
37,M,8,5,11,32.292967309279405,-9.238811082445938,Safi,0
30,F,6,6,5,32.292967309279405,-9.238811082445938,Safi,0
43,M,12,7,10,32.292967309279405,-9.238811082445938,Safi,0
31,F,19,1,7,32.292967309279405,-9.238811082445938,Safi,0
29,M,14,2,8,32.292967309279405,-9.238811082445938,Safi,0
46,F,10,3,4,32.292967309279405,-9.238811082445938,Safi,0
40,M,15,4,2,32.292967309279405,-9.238811082445938,Safi,0
34,F,7,5,9,32.292967309279405,-9.238811082445938,Safi,0
28,M,11,6,12,32.292967309279405,-9.238811082445938,Safi,0
39,F,14,7,6,32.292967309279405,-9.238811082445938,Safi,0
32,M,9,1,3,32.292967309279405,-9.238811082445938,Safi,0
41,F,13,2,5,32.292967309279405,-9.238811082445938,Safi,0
45,M,16,3,9,32.292967309279405,-9.238811082445938,Safi,0
38,F,18,4,10,32.292967309279405,-9.238811082445938,Safi,0
30,M,17,5,2,32.292967309279405,-9.238811082445938,Safi,0
29,F,9,6,7,32.292967309279405,-9.238811082445938,Safi,0
33,M,12,7,11,32.292967309279405,-9.238811082445938,Safi,0
48,F,10,1,4,32.292967309279405,-9.238811082445938,Safi,0
35,M,14,2,8,32.292967309279405,-9.238811082445938,Safi,0
29,F,16,3,5,32.292967309279405,-9.238811082445938,Safi,0
40,M,19,4,6,32.292967309279405,-9.238811082445938,Safi,0
36,F,7,5,1,32.292967309279405,-9.238811082445938,Safi,0
43,M,18,6,9,32.292967309279405,-9.238811082445938,Safi,0
30,F,14,7,12,32.292967309279405,-9.238811082445938,Safi,0
41,M,6,1,2,32.292967309279405,-9.238811082445938,Safi,0
25,F,13,2,11,32.292967309279405,-9.238811082445938,Safi,0
32,M,15,3,10,32.292967309279405,-9.238811082445938,Safi,0
44,F,12,4,7,32.292967309279405,-9.238811082445938,Safi,0
37,M,9,5,6,32.292967309279405,-9.238811082445938,Safi,0
34,F,6,6,8,32.292967309279405,-9.238811082445938,Safi,0
27,M,10,7,12,32.292967309279405,-9.238811082445938,Safi,0
34,F,6,1,3,31.51448988061253,-9.767875095737438,Essaouira,0
28,M,7,2,5,31.51448988061253,-9.767875095737438,Essaouira,0
40,F,9,3,7,31.51448988061253,-9.767875095737438,Essaouira,0
35,M,12,4,1,31.51448988061253,-9.767875095737438,Essaouira,0
30,F,16,5,3,31.51448988061253,-9.767875095737438,Essaouira,0
42,M,10,6,8,31.51448988061253,-9.767875095737438,Essaouira,0
38,F,14,7,2,31.51448988061253,-9.767875095737438,Essaouira,0
47,M,17,1,6,31.51448988061253,-9.767875095737438,Essaouira,0
33,F,13,2,4,31.51448988061253,-9.767875095737438,Essaouira,0
22,M,18,3,9,31.51448988061253,-9.767875095737438,Essaouira,0
41,F,11,4,12,31.51448988061253,-9.767875095737438,Essaouira,0
37,M,8,5,11,31.51448988061253,-9.767875095737438,Essaouira,0
30,F,6,6,5,31.51448988061253,-9.767875095737438,Essaouira,0
43,M,12,7,10,31.51448988061253,-9.767875095737438,Essaouira,0
31,F,19,1,7,31.51448988061253,-9.767875095737438,Essaouira,0
29,M,14,2,8,31.51448988061253,-9.767875095737438,Essaouira,0
46,F,10,3,4,31.51448988061253,-9.767875095737438,Essaouira,0
40,M,15,4,2,31.51448988061253,-9.767875095737438,Essaouira,0
34,F,7,5,9,31.51448988061253,-9.767875095737438,Essaouira,0
28,M,11,6,12,31.51448988061253,-9.767875095737438,Essaouira,0
39,F,14,7,6,31.51448988061253,-9.767875095737438,Essaouira,0
32,M,9,1,3,31.51448988061253,-9.767875095737438,Essaouira,0
41,F,13,2,5,31.51448988061253,-9.767875095737438,Essaouira,0
45,M,16,3,9,31.51448988061253,-9.767875095737438,Essaouira,0
38,F,18,4,10,31.51448988061253,-9.767875095737438,Essaouira,0
30,M,17,5,2,31.51448988061253,-9.767875095737438,Essaouira,0
29,F,9,6,7,31.51448988061253,-9.767875095737438,Essaouira,0
33,M,12,7,11,31.51448988061253,-9.767875095737438,Essaouira,0
48,F,10,1,4,31.51448988061253,-9.767875095737438,Essaouira,0
35,M,14,2,8,31.51448988061253,-9.767875095737438,Essaouira,0
29,F,16,3,5,31.51448988061253,-9.767875095737438,Essaouira,0
40,M,19,4,6,31.51448988061253,-9.767875095737438,Essaouira,0
36,F,7,5,1,31.51448988061253,-9.767875095737438,Essaouira,0
43,M,18,6,9,31.51448988061253,-9.767875095737438,Essaouira,0
30,F,14,7,12,31.51448988061253,-9.767875095737438,Essaouira,0
41,M,6,1,2,31.51448988061253,-9.767875095737438,Essaouira,0
25,F,13,2,11,31.51448988061253,-9.767875095737438,Essaouira,0
32,M,15,3,10,31.51448988061253,-9.767875095737438,Essaouira,0
44,F,12,4,7,31.51448988061253,-9.767875095737438,Essaouira,0
37,M,9,5,6,31.51448988061253,-9.767875095737438,Essaouira,0
31,F,6,1,3, 31.508873857916175,-9.766716777750192,Essaouira,0
29,M,7,2,5, 31.508873857916175,-9.766716777750192,Essaouira,0
43,F,9,3,7, 31.508873857916175,-9.766716777750192,Essaouira,0
36,M,12,4,1, 31.508873857916175,-9.766716777750192,Essaouira,0
28,F,16,5,3, 31.508873857916175,-9.766716777750192,Essaouira,0
40,M,10,6,8, 31.508873857916175,-9.766716777750192,Essaouira,0
30,F,14,7,2, 31.508873857916175,-9.766716777750192,Essaouira,0
50,M,17,1,6, 31.508873857916175,-9.766716777750192,Essaouira,0
35,F,13,2,4, 31.508873857916175,-9.766716777750192,Essaouira,0
47,M,18,3,9, 31.508873857916175,-9.766716777750192,Essaouira,0
34,F,11,4,12, 31.508873857916175,-9.766716777750192,Essaouira,0
22,M,15,5,11, 31.508873857916175,-9.766716777750192,Essaouira,0
27,F,8,6,5, 31.508873857916175,-9.766716777750192,Essaouira,0
41,M,12,7,10, 31.508873857916175,-9.766716777750192,Essaouira,0
45,F,9,1,7, 31.508873857916175,-9.766716777750192,Essaouira,0
38,M,14,2,8, 31.508873857916175,-9.766716777750192,Essaouira,0
33,F,10,3,4, 31.508873857916175,-9.766716777750192,Essaouira,0
29,M,7,4,2, 31.508873857916175,-9.766716777750192,Essaouira,0
48,F,19,5,9, 31.508873857916175,-9.766716777750192,Essaouira,0
31,M,20,6,12, 31.508873857916175,-9.766716777750192,Essaouira,0
39,F,6,7,6, 31.508873857916175,-9.766716777750192,Essaouira,0
26,M,11,1,3, 31.508873857916175,-9.766716777750192,Essaouira,0
32,F,13,2,5, 31.508873857916175,-9.766716777750192,Essaouira,0
30,M,8,3,4, 31.508873857916175,-9.766716777750192,Essaouira,0
37,F,15,4,10, 31.508873857916175,-9.766716777750192,Essaouira,0
29,M,16,5,6, 31.508873857916175,-9.766716777750192,Essaouira,0
44,F,17,6,11, 31.508873857916175,-9.766716777750192,Essaouira,0
36,M,14,7,7, 31.508873857916175,-9.766716777750192,Essaouira,0
25,F,19,1,2, 31.508873857916175,-9.766716777750192,Essaouira,0
41,M,18,2,8, 31.508873857916175,-9.766716777750192,Essaouira,0
50,F,13,3,9, 31.508873857916175,-9.766716777750192,Essaouira,0
38,M,16,4,5, 31.508873857916175,-9.766716777750192,Essaouira,0
34,F,7,5,12, 31.508873857916175,-9.766716777750192,Essaouira,0
28,M,8,6,3, 31.508873857916175,-9.766716777750192,Essaouira,0
33,F,12,7,4, 31.508873857916175,-9.766716777750192,Essaouira,0
22,M,10,1,11, 31.508873857916175,-9.766716777750192,Essaouira,0
42,F,15,2,6, 31.508873857916175,-9.766716777750192,Essaouira,0
47,M,9,3,1, 31.508873857916175,-9.766716777750192,Essaouira,0
40,F,13,4,7, 31.508873857916175,-9.766716777750192,Essaouira,0
32,F,6,1,3,31.515466359435614,-9.764740297299973,Essaouira,0
25,M,7,2,5,31.515466359435614,-9.764740297299973,Essaouira,0
43,F,9,3,7,31.515466359435614,-9.764740297299973,Essaouira,0
36,M,12,4,1,31.515466359435614,-9.764740297299973,Essaouira,0
28,F,16,5,3,31.515466359435614,-9.764740297299973,Essaouira,0
40,M,10,6,8,31.515466359435614,-9.764740297299973,Essaouira,0
30,F,14,7,2,31.515466359435614,-9.764740297299973,Essaouira,0
50,M,17,1,6,31.515466359435614,-9.764740297299973,Essaouira,0
35,F,13,2,4,31.515466359435614,-9.764740297299973,Essaouira,0
47,M,18,3,9,31.515466359435614,-9.764740297299973,Essaouira,0
34,F,11,4,12,31.515466359435614,-9.764740297299973,Essaouira,0
22,M,15,5,11,31.515466359435614,-9.764740297299973,Essaouira,0
27,F,8,6,5,31.515466359435614,-9.764740297299973,Essaouira,0
41,M,12,7,10,31.515466359435614,-9.764740297299973,Essaouira,0
45,F,9,1,7,31.515466359435614,-9.764740297299973,Essaouira,0
38,M,14,2,8,31.515466359435614,-9.764740297299973,Essaouira,0
33,F,10,3,4,31.515466359435614,-9.764740297299973,Essaouira,0
29,M,7,4,2,31.515466359435614,-9.764740297299973,Essaouira,0
48,F,19,5,9,31.515466359435614,-9.764740297299973,Essaouira,0
31,M,20,6,12,31.515466359435614,-9.764740297299973,Essaouira,0
39,F,6,7,6,31.515466359435614,-9.764740297299973,Essaouira,0
26,M,11,1,3,31.515466359435614,-9.764740297299973,Essaouira,0
32,F,13,2,5,31.515466359435614,-9.764740297299973,Essaouira,0
30,M,8,3,4,31.515466359435614,-9.764740297299973,Essaouira,0
37,F,15,4,10,31.515466359435614,-9.764740297299973,Essaouira,0
29,M,16,5,6,31.515466359435614,-9.764740297299973,Essaouira,0
44,F,17,6,11,31.515466359435614,-9.764740297299973,Essaouira,0
36,M,14,7,7,31.515466359435614,-9.764740297299973,Essaouira,0
25,F,19,1,2,31.515466359435614,-9.764740297299973,Essaouira,0
41,M,18,2,8,31.515466359435614,-9.764740297299973,Essaouira,0
50,F,13,3,9,31.515466359435614,-9.764740297299973,Essaouira,0
38,M,16,4,5,31.515466359435614,-9.764740297299973,Essaouira,0
34,F,7,5,12,31.515466359435614,-9.764740297299973,Essaouira,0
28,M,8,6,3,31.515466359435614,-9.764740297299973,Essaouira,0
33,F,12,7,4,31.515466359435614,-9.764740297299973,Essaouira,0
22,M,10,1,11,31.515466359435614,-9.764740297299973,Essaouira,0
42,F,15,2,6,31.515466359435614,-9.764740297299973,Essaouira,0
47,M,9,3,1,31.515466359435614,-9.764740297299973,Essaouira,0
40,F,13,4,7,31.515466359435614,-9.764740297299973,Essaouira,0
32,M,6,1,3, 31.51494305711803,-9.762445738911097,Essaouira,0
25,F,7,2,5, 31.51494305711803,-9.762445738911097,Essaouira,0
43,M,9,3,7, 31.51494305711803,-9.762445738911097,Essaouira,0
36,F,12,4,1, 31.51494305711803,-9.762445738911097,Essaouira,0
28,M,16,5,3, 31.51494305711803,-9.762445738911097,Essaouira,0
40,F,10,6,8, 31.51494305711803,-9.762445738911097,Essaouira,0
30,M,14,7,2, 31.51494305711803,-9.762445738911097,Essaouira,0
50,F,17,1,6, 31.51494305711803,-9.762445738911097,Essaouira,0
35,M,13,2,4, 31.51494305711803,-9.762445738911097,Essaouira,0
47,F,18,3,9, 31.51494305711803,-9.762445738911097,Essaouira,0
34,M,11,4,12, 31.51494305711803,-9.762445738911097,Essaouira,0
22,F,15,5,11, 31.51494305711803,-9.762445738911097,Essaouira,0
27,M,8,6,5, 31.51494305711803,-9.762445738911097,Essaouira,0
41,F,12,7,10, 31.51494305711803,-9.762445738911097,Essaouira,0
45,M,9,1,7, 31.51494305711803,-9.762445738911097,Essaouira,0
38,F,14,2,8, 31.51494305711803,-9.762445738911097,Essaouira,0
33,M,10,3,4, 31.51494305711803,-9.762445738911097,Essaouira,0
29,F,7,4,2, 31.51494305711803,-9.762445738911097,Essaouira,0
48,M,19,5,9, 31.51494305711803,-9.762445738911097,Essaouira,0
31,F,20,6,12, 31.51494305711803,-9.762445738911097,Essaouira,0
39,M,6,7,6, 31.51494305711803,-9.762445738911097,Essaouira,0
26,F,11,1,3, 31.51494305711803,-9.762445738911097,Essaouira,0
32,M,13,2,5, 31.51494305711803,-9.762445738911097,Essaouira,0
30,F,8,3,4, 31.51494305711803,-9.762445738911097,Essaouira,0
37,M,15,4,10, 31.51494305711803,-9.762445738911097,Essaouira,0
29,F,16,5,6, 31.51494305711803,-9.762445738911097,Essaouira,0
44,M,17,6,11, 31.51494305711803,-9.762445738911097,Essaouira,0
36,F,14,7,7, 31.51494305711803,-9.762445738911097,Essaouira,0
25,M,19,1,2, 31.51494305711803,-9.762445738911097,Essaouira,0
41,F,18,2,8, 31.51494305711803,-9.762445738911097,Essaouira,0
50,M,13,3,9, 31.51494305711803,-9.762445738911097,Essaouira,0
38,F,16,4,5, 31.51494305711803,-9.762445738911097,Essaouira,0
34,M,7,5,12, 31.51494305711803,-9.762445738911097,Essaouira,0
28,F,8,6,3, 31.51494305711803,-9.762445738911097,Essaouira,0
33,M,12,7,4, 31.51494305711803,-9.762445738911097,Essaouira,0
22,F,10,1,11, 31.51494305711803,-9.762445738911097,Essaouira,0
6,F,10,9,1,33.60472078977524,-7.63860798319835,Casablanca,0
12,F,11,9,2,33.60472078977524,-7.63860798319835,Casablanca,0
18,F,12,9,3,33.60472078977524,-7.63860798319835,Casablanca,0
25,F,13,9,4,33.60472078977524,-7.63860798319835,Casablanca,0
32,F,14,9,5,33.60472078977524,-7.63860798319835,Casablanca,0
40,F,15,9,6,33.60472078977524,-7.63860798319835,Casablanca,0
23,F,16,9,7,33.60472078977524,-7.63860798319835,Casablanca,0
15,F,17,9,8,33.60472078977524,-7.63860798319835,Casablanca,0
33,F,10,9,9,33.60472078977524,-7.63860798319835,Casablanca,0
36,F,11,9,10,33.60472078977524,-7.63860798319835,Casablanca,0
28,F,12,9,11,33.60472078977524,-7.63860798319835,Casablanca,0
22,F,13,9,12,33.60472078977524,-7.63860798319835,Casablanca,0
19,F,14,9,13,33.60472078977524,-7.63860798319835,Casablanca,0
16,F,15,9,14,33.60472078977524,-7.63860798319835,Casablanca,0
18,F,16,9,15,33.60472078977524,-7.63860798319835,Casablanca,0
31,F,17,9,16,33.60472078977524,-7.63860798319835,Casablanca,0
24,F,10,9,17,33.60472078977524,-7.63860798319835,Casablanca,0
29,F,11,9,18,33.60472078977524,-7.63860798319835,Casablanca,0
22,F,12,9,19,33.60472078977524,-7.63860798319835,Casablanca,0
19,F,13,9,20,33.60472078977524,-7.63860798319835,Casablanca,0
24,F,14,9,21,33.60472078977524,-7.63860798319835,Casablanca,0
29,F,15,9,22,33.60472078977524,-7.63860798319835,Casablanca,0
25,F,16,9,23,33.60472078977524,-7.63860798319835,Casablanca,0
33,F,17,9,24,33.60472078977524,-7.63860798319835,Casablanca,0
28,F,18,9,25,33.60472078977524,-7.63860798319835,Casablanca,0
27,F,19,9,26,33.60472078977524,-7.63860798319835,Casablanca,0
33,F,20,9,27,33.60472078977524,-7.63860798319835,Casablanca,0
40,F,21,9,28,33.60472078977524,-7.63860798319835,Casablanca,0
18,F,22,9,29,33.60472078977524,-7.63860798319835,Casablanca,0
31,F,23,9,30,33.60472078977524,-7.63860798319835,Casablanca,0
22,F,24,9,31,33.60472078977524,-7.63860798319835,Casablanca,0
19,F,25,9,32,33.60472078977524,-7.63860798319835,Casablanca,0
24,F,26,9,33,33.60472078977524,-7.63860798319835,Casablanca,0
29,F,27,9,34,33.60472078977524,-7.63860798319835,Casablanca,0
25,F,28,9,35,33.60472078977524,-7.63860798319835,Casablanca,0
33,F,29,9,36,33.60472078977524,-7.63860798319835,Casablanca,0
19,F,30,9,37,33.60472078977524,-7.63860798319835,Casablanca,0
18,F,31,9,38,33.60472078977524,-7.63860798319835,Casablanca,0
26,F,32,9,39,33.60472078977524,-7.63860798319835,Casablanca,0
28,F,33,9,40,33.60472078977524,-7.63860798319835,Casablanca,0
27,F,34,9,41,33.60472078977524,-7.63860798319835,Casablanca,0
17,F,10,1,1,33.598128973340515,-7.664624676533552,Casablanca,0
18,F,11,1,2,33.598128973340515,-7.664624676533552,Casablanca,0
19,F,12,1,3,33.598128973340515,-7.664624676533552,Casablanca,0
20,F,13,1,4,33.598128973340515,-7.664624676533552,Casablanca,0
21,F,14,1,5,33.598128973340515,-7.664624676533552,Casablanca,0
22,F,15,1,6,33.598128973340515,-7.664624676533552,Casablanca,0
23,F,16,1,7,33.598128973340515,-7.664624676533552,Casablanca,0
24,F,17,1,8,33.598128973340515,-7.664624676533552,Casablanca,0
25,F,18,1,9,33.598128973340515,-7.664624676533552,Casablanca,0
26,F,19,1,10,33.598128973340515,-7.664624676533552,Casablanca,0
27,F,20,1,11,33.598128973340515,-7.664624676533552,Casablanca,0
28,F,21,1,12,33.598128973340515,-7.664624676533552,Casablanca,0
42,M,15,2,6, 31.51494305711803,-9.762445738911097,Essaouira,0
47,F,9,3,1, 31.51494305711803,-9.762445738911097,Essaouira,0
40,M,13,4,7, 31.51494305711803,-9.762445738911097,Essaouira,0
25,M,6,1,3,31.514824563301083,-9.75203126274831,Essaouira,0
32,M,12,2,5,31.514824563301083,-9.75203126274831,Essaouira,0
19,M,7,3,7,31.514824563301083,-9.75203126274831,Essaouira,0
40,M,15,4,10,31.514824563301083,-9.75203126274831,Essaouira,0
45,M,8,5,1,31.514824563301083,-9.75203126274831,Essaouira,0
38,M,9,6,2,31.514824563301083,-9.75203126274831,Essaouira,0
41,M,10,7,11,31.514824563301083,-9.75203126274831,Essaouira,0
33,M,14,1,12,31.514824563301083,-9.75203126274831,Essaouira,0
28,M,16,2,6,31.514824563301083,-9.75203126274831,Essaouira,0
22,M,18,3,4,31.514824563301083,-9.75203126274831,Essaouira,0
35,M,19,4,9,31.514824563301083,-9.75203126274831,Essaouira,0
29,M,13,5,3,31.514824563301083,-9.75203126274831,Essaouira,0
46,M,11,6,8,31.514824563301083,-9.75203126274831,Essaouira,0
39,M,6,7,5,31.514824563301083,-9.75203126274831,Essaouira,0
50,M,20,1,2,31.514824563301083,-9.75203126274831,Essaouira,0
30,M,9,2,7,31.514824563301083,-9.75203126274831,Essaouira,0
37,M,8,3,6,31.514824563301083,-9.75203126274831,Essaouira,0
48,M,12,4,1,31.514824563301083,-9.75203126274831,Essaouira,0
43,M,17,5,10,31.514824563301083,-9.75203126274831,Essaouira,0
29,M,14,6,11,31.514824563301083,-9.75203126274831,Essaouira,0
14,F,9,1,1,30.399999432993628,-9.549196913486426,Agadir,0
23,M,14,2,2,30.399999432993628,-9.549196913486426,Agadir,0
38,F,16,3,3,30.399999432993628,-9.549196913486426,Agadir,0
29,M,19,4,4,30.399999432993628,-9.549196913486426,Agadir,0
60,F,11,5,5,30.399999432993628,-9.549196913486426,Agadir,0
48,M,21,6,6,30.399999432993628,-9.549196913486426,Agadir,0
33,F,8,7,7,30.399999432993628,-9.549196913486426,Agadir,0
52,M,12,1,8,30.399999432993628,-9.549196913486426,Agadir,0
17,F,17,2,9,30.399999432993628,-9.549196913486426,Agadir,0
45,M,22,3,10,30.399999432993628,-9.549196913486426,Agadir,0
26,F,13,4,11,30.399999432993628,-9.549196913486426,Agadir,0
39,M,10,5,12,30.399999432993628,-9.549196913486426,Agadir,0
57,F,20,6,1,30.399999432993628,-9.549196913486426,Agadir,0
21,M,15,7,2,30.399999432993628,-9.549196913486426,Agadir,0
34,F,18,1,3,30.399999432993628,-9.549196913486426,Agadir,0
12,M,23,2,4,30.399999432993628,-9.549196913486426,Agadir,0
46,F,7,3,5,30.399999432993628,-9.549196913486426,Agadir,0
30,M,20,4,6,30.399999432993628,-9.549196913486426,Agadir,0
18,F,14,5,7,30.399999432993628,-9.549196913486426,Agadir,0
55,M,11,6,8,30.399999432993628,-9.549196913486426,Agadir,0
34,F,3,1,5,31.514824563301083,-9.75203126274831,Essaouira,1
22,F,2,7,9,31.514824563301083,-9.75203126274831,Essaouira,1
18,F,13,3,6,31.514824563301083,-9.75203126274831,Essaouira,1
29,F,9,5,10,31.514824563301083,-9.75203126274831,Essaouira,1
24,F,0,6,4,31.514824563301083,-9.75203126274831,Essaouira,1
27,F,18,2,7,31.514824563301083,-9.75203126274831,Essaouira,1
33,F,15,4,3,31.514824563301083,-9.75203126274831,Essaouira,1
19,F,5,1,11,31.514824563301083,-9.75203126274831,Essaouira,1
40,F,14,7,2,31.514824563301083,-9.75203126274831,Essaouira,1
21,F,10,6,8,31.514824563301083,-9.75203126274831,Essaouira,1
36,F,3,4,12,31.514824563301083,-9.75203126274831,Essaouira,1
28,F,9,2,5,31.514824563301083,-9.75203126274831,Essaouira,1
23,F,13,3,9,31.514824563301083,-9.75203126274831,Essaouira,1
31,F,7,5,1,31.514824563301083,-9.75203126274831,Essaouira,1
25,F,18,4,10,31.514824563301083,-9.75203126274831,Essaouira,1
30,F,0,6,7,31.514824563301083,-9.75203126274831,Essaouira,1
22,F,13,1,6,31.514824563301083,-9.75203126274831,Essaouira,1
29,F,18,2,4,31.514824563301083,-9.75203126274831,Essaouira,1
38,F,13,7,3,31.514824563301083,-9.75203126274831,Essaouira,1
34,F,5,4,2,31.514824563301083,-9.75203126274831,Essaouira,1
40,F,6,1,3,32.299153906095945,-9.240316211070093,Safi,1
28,F,7,2,5,32.299153906095945,-9.240316211070093,Safi,1
33,F,9,3,7,32.299153906095945,-9.240316211070093,Safi,1
26,F,12,4,1,32.299153906095945,-9.240316211070093,Safi,1
34,F,15,5,3,32.299153906095945,-9.240316211070093,Safi,1
35,F,18,6,8,32.299153906095945,-9.240316211070093,Safi,1
27,F,20,7,2,32.299153906095945,-9.240316211070093,Safi,1
32,F,22,1,6,32.299153906095945,-9.240316211070093,Safi,1
30,F,5,2,4,32.299153906095945,-9.240316211070093,Safi,1
38,F,10,3,9,32.299153906095945,-9.240316211070093,Safi,1
39,F,13,4,12,32.299153906095945,-9.240316211070093,Safi,1
41,F,16,5,11,32.299153906095945,-9.240316211070093,Safi,1
45,F,8,6,5,32.299153906095945,-9.240316211070093,Safi,1
29,F,14,7,10,32.299153906095945,-9.240316211070093,Safi,1
33,F,11,1,7,32.299153906095945,-9.240316211070093,Safi,1
34,F,17,2,8,32.299153906095945,-9.240316211070093,Safi,1
36,F,19,3,4,32.299153906095945,-9.240316211070093,Safi,1
37,F,21,4,6,32.299153906095945,-9.240316211070093,Safi,1
32,F,23,5,9,32.299153906095945,-9.240316211070093,Safi,1
28,F,4,6,10,32.299153906095945,-9.240316211070093,Safi,1
29,F,8,7,12,32.299153906095945,-9.240316211070093,Safi,1
31,F,12,1,2,32.299153906095945,-9.240316211070093,Safi,1
35,F,14,2,11,32.299153906095945,-9.240316211070093,Safi,1
30,F,18,3,6,32.299153906095945,-9.240316211070093,Safi,1
28,F,20,4,3,32.299153906095945,-9.240316211070093,Safi,1
32,F,22,5,7,32.299153906095945,-9.240316211070093,Safi,1
40,F,4,6,2,32.299153906095945,-9.240316211070093,Safi,1
30,F,9,7,8,32.299153906095945,-9.240316211070093,Safi,1
37,F,11,1,4,32.299153906095945,-9.240316211070093,Safi,1
33,F,13,2,12,32.299153906095945,-9.240316211070093,Safi,1
34,F,15,3,5,32.299153906095945,-9.240316211070093,Safi,1
29,F,17,4,9,32.299153906095945,-9.240316211070093,Safi,1
41,F,19,5,6,32.299153906095945,-9.240316211070093,Safi,1
30,F,21,6,10,32.299153906095945,-9.240316211070093,Safi,1
42,F,23,7,1,32.299153906095945,-9.240316211070093,Safi,1
33,F,5,1,8,32.299153906095945,-9.240316211070093,Safi,1
31,F,7,2,4,32.299153906095945,-9.240316211070093,Safi,1
45,F,10,3,11,32.299153906095945,-9.240316211070093,Safi,1
24,F,6,1,3,31.50716344822397,-9.755713047560816,Essaouira,1
33,F,7,2,5,31.50716344822397,-9.755713047560816,Essaouira,1
27,F,9,3,7,31.50716344822397,-9.755713047560816,Essaouira,1
29,F,12,4,1,31.50716344822397,-9.755713047560816,Essaouira,1
35,F,15,5,3,31.50716344822397,-9.755713047560816,Essaouira,1
30,F,18,6,8,31.50716344822397,-9.755713047560816,Essaouira,1
28,F,20,7,2,31.50716344822397,-9.755713047560816,Essaouira,1
32,F,22,1,6,31.50716344822397,-9.755713047560816,Essaouira,1
34,F,5,2,4,31.50716344822397,-9.755713047560816,Essaouira,1
31,F,10,3,9,31.50716344822397,-9.755713047560816,Essaouira,1
38,F,13,4,12,31.50716344822397,-9.755713047560816,Essaouira,1
40,F,16,5,11,31.50716344822397,-9.755713047560816,Essaouira,1
42,F,8,6,5,31.50716344822397,-9.755713047560816,Essaouira,1
36,F,14,7,10,31.50716344822397,-9.755713047560816,Essaouira,1
37,F,11,1,7,31.50716344822397,-9.755713047560816,Essaouira,1
34,F,17,2,8,31.50716344822397,-9.755713047560816,Essaouira,1
30,F,19,3,4,31.50716344822397,-9.755713047560816,Essaouira,1
32,F,21,4,6,31.50716344822397,-9.755713047560816,Essaouira,1
29,F,23,5,9,31.50716344822397,-9.755713047560816,Essaouira,1
35,F,4,6,10,31.50716344822397,-9.755713047560816,Essaouira,1
33,F,9,7,12,31.50716344822397,-9.755713047560816,Essaouira,1
28,F,12,1,2,31.50716344822397,-9.755713047560816,Essaouira,1
32,F,14,2,11,31.50716344822397,-9.755713047560816,Essaouira,1
31,F,18,3,6,31.50716344822397,-9.755713047560816,Essaouira,1
33,F,20,4,3,31.50716344822397,-9.755713047560816,Essaouira,1
38,F,22,5,7,31.50716344822397,-9.755713047560816,Essaouira,1
29,F,4,6,2,31.50716344822397,-9.755713047560816,Essaouira,1
30,F,7,7,8,31.50716344822397,-9.755713047560816,Essaouira,1
32,F,10,1,4,31.50716344822397,-9.755713047560816,Essaouira,1
34,F,13,2,12,31.50716344822397,-9.755713047560816,Essaouira,1
30,F,15,3,5,31.50716344822397,-9.755713047560816,Essaouira,1
37,F,17,4,9,31.50716344822397,-9.755713047560816,Essaouira,1
39,F,19,5,6,31.50716344822397,-9.755713047560816,Essaouira,1
33,F,21,6,10,31.50716344822397,-9.755713047560816,Essaouira,1
41,F,23,7,1,31.50716344822397,-9.755713047560816,Essaouira,1
28,F,5,1,8,31.50716344822397,-9.755713047560816,Essaouira,1
36,F,7,2,4,31.50716344822397,-9.755713047560816,Essaouira,1
40,F,10,3,11,31.50716344822397,-9.755713047560816,Essaouira,1
24,M,1,1,3,31.513755329085058,-9.753207305033943,Essaouira,1
33,M,2,2,5,31.513755329085058,-9.753207305033943,Essaouira,1
27,M,3,3,7,31.513755329085058,-9.753207305033943,Essaouira,1
29,M,4,4,1,31.513755329085058,-9.753207305033943,Essaouira,1
35,M,5,5,3,31.513755329085058,-9.753207305033943,Essaouira,1
30,M,6,6,8,31.513755329085058,-9.753207305033943,Essaouira,1
28,M,7,7,2,31.513755329085058,-9.753207305033943,Essaouira,1
32,M,0,1,6,31.513755329085058,-9.753207305033943,Essaouira,1
34,M,1,2,4,31.513755329085058,-9.753207305033943,Essaouira,1
31,M,2,3,9,31.513755329085058,-9.753207305033943,Essaouira,1
38,M,3,4,12,31.513755329085058,-9.753207305033943,Essaouira,1
40,M,4,5,11,31.513755329085058,-9.753207305033943,Essaouira,1
42,M,5,6,5,31.513755329085058,-9.753207305033943,Essaouira,1
36,M,6,7,10,31.513755329085058,-9.753207305033943,Essaouira,1
37,M,7,1,7,31.513755329085058,-9.753207305033943,Essaouira,1
34,M,0,2,8,31.513755329085058,-9.753207305033943,Essaouira,1
30,M,1,3,4,31.513755329085058,-9.753207305033943,Essaouira,1
32,M,2,4,6,31.513755329085058,-9.753207305033943,Essaouira,1
29,M,3,5,9,31.513755329085058,-9.753207305033943,Essaouira,1
35,M,4,6,10,31.513755329085058,-9.753207305033943,Essaouira,1
33,M,5,7,12,31.513755329085058,-9.753207305033943,Essaouira,1
28,M,6,1,2,31.513755329085058,-9.753207305033943,Essaouira,1
32,M,7,2,11,31.513755329085058,-9.753207305033943,Essaouira,1
31,M,0,3,6,31.513755329085058,-9.753207305033943,Essaouira,1
33,M,1,4,3,31.513755329085058,-9.753207305033943,Essaouira,1
38,M,2,5,7,31.513755329085058,-9.753207305033943,Essaouira,1
29,M,3,6,8,31.513755329085058,-9.753207305033943,Essaouira,1
30,M,4,7,5,31.513755329085058,-9.753207305033943,Essaouira,1
32,M,5,1,4,31.513755329085058,-9.753207305033943,Essaouira,1
34,M,6,2,12,31.513755329085058,-9.753207305033943,Essaouira,1
30,M,7,3,1,31.513755329085058,-9.753207305033943,Essaouira,1
37,M,0,4,6,31.513755329085058,-9.753207305033943,Essaouira,1
39,M,1,5,2,31.513755329085058,-9.753207305033943,Essaouira,1
33,M,2,6,9,31.513755329085058,-9.753207305033943,Essaouira,1
41,M,3,7,11,31.513755329085058,-9.753207305033943,Essaouira,1
12,F,6,1,3,30.365750469169,-9.5672381074757,Agadir,1
25,M,7,2,4,30.365750469169,-9.5672381074757,Agadir,1
33,F,8,3,5,30.365750469169,-9.5672381074757,Agadir,1
45,M,1,4,6,30.365750469169,-9.5672381074757,Agadir,1
19,F,3,5,7,30.365750469169,-9.5672381074757,Agadir,1
55,M,4,6,8,30.365750469169,-9.5672381074757,Agadir,1
41,F,5,7,9,30.365750469169,-9.5672381074757,Agadir,1
10,M,0,1,10,30.365750469169,-9.5672381074757,Agadir,1
20,F,2,2,11,30.365750469169,-9.5672381074757,Agadir,1
35,M,6,3,12,30.365750469169,-9.5672381074757,Agadir,1
18,F,7,4,1,30.365750469169,-9.5672381074757,Agadir,1
48,M,8,5,2,30.365750469169,-9.5672381074757,Agadir,1
23,F,17,6,3,30.365750469169,-9.5672381074757,Agadir,1
38,M,18,7,4,30.365750469169,-9.5672381074757,Agadir,1
50,F,19,1,5,30.365750469169,-9.5672381074757,Agadir,1
27,M,20,2,6,30.365750469169,-9.5672381074757,Agadir,1
30,F,21,3,7,30.365750469169,-9.5672381074757,Agadir,1
29,M,22,4,8,30.365750469169,-9.5672381074757,Agadir,1
15,F,23,5,9,30.365750469169,-9.5672381074757,Agadir,1
37,M,0,6,10,30.365750469169,-9.5672381074757,Agadir,1
23,F,19,1,1,30.371171803744428,-9.5425305551633,Agadir,1
36,F,20,2,2,30.371171803744428,-9.5425305551633,Agadir,1
41,F,6,3,3,30.371171803744428,-9.5425305551633,Agadir,1
29,F,18,4,4,30.371171803744428,-9.5425305551633,Agadir,1
50,F,5,5,5,30.371171803744428,-9.5425305551633,Agadir,1
14,F,2,6,6,30.371171803744428,-9.5425305551633,Agadir,1
37,F,4,7,7,30.371171803744428,-9.5425305551633,Agadir,1
22,F,3,1,8,30.371171803744428,-9.5425305551633,Agadir,1
46,F,23,2,9,30.371171803744428,-9.5425305551633,Agadir,1
19,F,0,3,10,30.371171803744428,-9.5425305551633,Agadir,1
33,F,1,4,11,30.371171803744428,-9.5425305551633,Agadir,1
45,F,22,5,12,30.371171803744428,-9.5425305551633,Agadir,1
27,F,21,6,1,30.371171803744428,-9.5425305551633,Agadir,1
32,F,7,7,2,30.371171803744428,-9.5425305551633,Agadir,1
39,F,6,1,3,30.371171803744428,-9.5425305551633,Agadir,1
10,F,20,2,4,30.371171803744428,-9.5425305551633,Agadir,1
25,F,19,3,5,30.371171803744428,-9.5425305551633,Agadir,1
47,F,18,4,6,30.371171803744428,-9.5425305551633,Agadir,1
15,F,5,5,7,30.371171803744428,-9.5425305551633,Agadir,1
34,F,3,6,8,30.371171803744428,-9.5425305551633,Agadir,1
12,F,1,1,1, 30.399452025930138,-9.537561426206839,Agadir,1
28,M,18,2,2, 30.399452025930138,-9.537561426206839,Agadir,1
55,F,20,3,3, 30.399452025930138,-9.537561426206839,Agadir,1
38,M,7,4,4, 30.399452025930138,-9.537561426206839,Agadir,1
43,F,6,5,5, 30.399452025930138,-9.537561426206839,Agadir,1
21,M,3,6,6, 30.399452025930138,-9.537561426206839,Agadir,1
16,F,22,7,7, 30.399452025930138,-9.537561426206839,Agadir,1
34,M,23,1,8, 30.399452025930138,-9.537561426206839,Agadir,1
45,F,5,2,9, 30.399452025930138,-9.537561426206839,Agadir,1
59,M,2,3,10, 30.399452025930138,-9.537561426206839,Agadir,1
7,F,17,4,11, 30.399452025930138,-9.537561426206839,Agadir,1
19,M,8,5,12, 30.399452025930138,-9.537561426206839,Agadir,1
30,F,18,6,1, 30.399452025930138,-9.537561426206839,Agadir,1
11,M,4,7,2, 30.399452025930138,-9.537561426206839,Agadir,1
40,F,6,1,3, 30.399452025930138,-9.537561426206839,Agadir,1
60,M,20,2,4, 30.399452025930138,-9.537561426206839,Agadir,1
26,F,21,3,5, 30.399452025930138,-9.537561426206839,Agadir,1
35,M,19,4,6, 30.399452025930138,-9.537561426206839,Agadir,1
17,F,22,5,7, 30.399452025930138,-9.537561426206839,Agadir,1
53,M,0,6,8, 30.399452025930138,-9.537561426206839,Agadir,1
12,F,22,1,1,30.426855829068444,-9.592454285005692,Agadir,1
33,F,0,2,2,30.426855829068444,-9.592454285005692,Agadir,1
48,F,7,3,3,30.426855829068444,-9.592454285005692,Agadir,1
20,M,23,4,4,30.426855829068444,-9.592454285005692,Agadir,1
56,F,22,5,5,30.426855829068444,-9.592454285005692,Agadir,1
27,F,7,6,6,30.426855829068444,-9.592454285005692,Agadir,1
38,M,0,7,7,30.426855829068444,-9.592454285005692,Agadir,1
45,F,23,1,8,30.426855829068444,-9.592454285005692,Agadir,1
14,F,22,2,9,30.426855829068444,-9.592454285005692,Agadir,1
31,F,7,3,10,30.426855829068444,-9.592454285005692,Agadir,1
19,M,0,4,11,30.426855829068444,-9.592454285005692,Agadir,1
53,F,7,5,12,30.426855829068444,-9.592454285005692,Agadir,1
36,F,22,6,1,30.426855829068444,-9.592454285005692,Agadir,1
59,M,0,7,2,30.426855829068444,-9.592454285005692,Agadir,1
26,F,23,1,3,30.426855829068444,-9.592454285005692,Agadir,1
41,F,7,2,4,30.426855829068444,-9.592454285005692,Agadir,1
18,F,22,3,5,30.426855829068444,-9.592454285005692,Agadir,1
35,M,0,4,6,30.426855829068444,-9.592454285005692,Agadir,1
22,M,7,5,7,30.426855829068444,-9.592454285005692,Agadir,1
50,F,23,6,8,30.426855829068444,-9.592454285005692,Agadir,1
14,F,23,4,7,33.58108478990374,-7.51747408713405,Casablanca,1
59,F,18,5,4,33.58108478990374,-7.51747408713405,Casablanca,1
46,F,1,5,11,33.58108478990374,-7.51747408713405,Casablanca,1
49,F,3,5,12,33.58108478990374,-7.51747408713405,Casablanca,1
24,F,21,2,8,33.58108478990374,-7.51747408713405,Casablanca,1
12,F,4,4,11,33.58108478990374,-7.51747408713405,Casablanca,1
56,F,20,1,2,33.58108478990374,-7.51747408713405,Casablanca,1
35,F,0,7,6,33.58108478990374,-7.51747408713405,Casablanca,1
45,F,2,3,3,33.58108478990374,-7.51747408713405,Casablanca,1
32,F,5,6,7,33.58108478990374,-7.51747408713405,Casablanca,1
23,F,19,5,4,33.58108478990374,-7.51747408713405,Casablanca,1
52,F,22,2,8,33.58108478990374,-7.51747408713405,Casablanca,1
20,F,6,1,12,33.58108478990374,-7.51747408713405,Casablanca,1
11,F,20,3,3,33.58108478990374,-7.51747408713405,Casablanca,1
31,F,1,4,9,33.58108478990374,-7.51747408713405,Casablanca,1
48,F,0,6,1,33.58108478990374,-7.51747408713405,Casablanca,1
26,F,22,5,11,33.58108478990374,-7.51747408713405,Casablanca,1
7,F,19,2,10,33.58108478990374,-7.51747408713405,Casablanca,1
37,F,3,1,8,33.58108478990374,-7.51747408713405,Casablanca,1
16,F,23,4,5,33.58108478990374,-7.51747408713405,Casablanca,1
53,F,18,6,12,33.58108478990374,-7.51747408713405,Casablanca,1
39,F,21,7,6,33.58108478990374,-7.51747408713405,Casablanca,1
27,F,2,1,7,33.58108478990374,-7.51747408713405,Casablanca,1
8,F,4,2,2,33.58108478990374,-7.51747408713405,Casablanca,1
30,F,19,3,3,33.58108478990374,-7.51747408713405,Casablanca,1
22,F,1,4,1,33.58108478990374,-7.51747408713405,Casablanca,1
36,F,0,5,5,33.58108478990374,-7.51747408713405,Casablanca,1
50,F,5,7,10,33.58108478990374,-7.51747408713405,Casablanca,1
44,F,20,6,9,33.58108478990374,-7.51747408713405,Casablanca,1
10,F,23,3,4,33.58108478990374,-7.51747408713405,Casablanca,1
13,F,2,2,11,33.58108478990374,-7.51747408713405,Casablanca,1
58,F,4,5,6,33.58108478990374,-7.51747408713405,Casablanca,1
25,F,22,1,12,33.58108478990374,-7.51747408713405,Casablanca,1
6,F,0,3,8,33.58108478990374,-7.51747408713405,Casablanca,1
28,F,3,4,2,33.58108478990374,-7.51747408713405,Casablanca,1
34,F,19,7,7,33.58108478990374,-7.51747408713405,Casablanca,1
29,F,5,6,10,33.58108478990374,-7.51747408713405,Casablanca,1
40,F,21,2,3,33.58108478990374,-7.51747408713405,Casablanca,1
18,F,1,5,1,33.58108478990374,-7.51747408713405,Casablanca,1
33,F,6,7,6,33.58108478990374,-7.51747408713405,Casablanca,1
42,F,18,4,7,33.59959853727432,-7.54211556439052,Casablanca,1
25,F,22,5,9,33.59959853727432,-7.54211556439052,Casablanca,1
16,F,0,2,12,33.59959853727432,-7.54211556439052,Casablanca,1
37,F,1,3,6,33.59959853727432,-7.54211556439052,Casablanca,1
8,F,4,7,3,33.59959853727432,-7.54211556439052,Casablanca,1
19,F,2,6,5,33.59959853727432,-7.54211556439052,Casablanca,1
55,F,20,1,8,33.59959853727432,-7.54211556439052,Casablanca,1
31,F,3,4,11,33.59959853727432,-7.54211556439052,Casablanca,1
12,F,5,5,2,33.59959853727432,-7.54211556439052,Casablanca,1
47,F,23,6,1,33.59959853727432,-7.54211556439052,Casablanca,1
26,F,19,7,10,33.59959853727432,-7.54211556439052,Casablanca,1
33,F,21,3,4,33.59959853727432,-7.54211556439052,Casablanca,1
10,F,1,2,6,33.59959853727432,-7.54211556439052,Casablanca,1
58,F,0,4,8,33.59959853727432,-7.54211556439052,Casablanca,1
23,F,4,1,9,33.59959853727432,-7.54211556439052,Casablanca,1
36,F,2,5,7,33.59959853727432,-7.54211556439052,Casablanca,1
6,F,22,6,3,33.59959853727432,-7.54211556439052,Casablanca,1
45,F,18,7,12,33.59959853727432,-7.54211556439052,Casablanca,1
14,F,20,2,1,33.59959853727432,-7.54211556439052,Casablanca,1
50,F,3,3,11,33.59959853727432,-7.54211556439052,Casablanca,1
29,F,0,4,5,33.59959853727432,-7.54211556439052,Casablanca,1
40,F,19,5,6,33.59959853727432,-7.54211556439052,Casablanca,1
7,F,1,1,10,33.59959853727432,-7.54211556439052,Casablanca,1
32,F,23,6,2,33.59959853727432,-7.54211556439052,Casablanca,1
17,F,5,3,9,33.59959853727432,-7.54211556439052,Casablanca,1
53,F,2,7,12,33.59959853727432,-7.54211556439052,Casablanca,1
21,F,18,2,7,33.59959853727432,-7.54211556439052,Casablanca,1
11,F,4,4,4,33.59959853727432,-7.54211556439052,Casablanca,1
27,F,20,5,1,33.59959853727432,-7.54211556439052,Casablanca,1
35,F,3,6,10,33.59959853727432,-7.54211556439052,Casablanca,1
9,F,21,1,3,33.59959853727432,-7.54211556439052,Casablanca,1
56,F,22,3,6,33.59959853727432,-7.54211556439052,Casablanca,1
13,F,0,4,11,33.59959853727432,-7.54211556439052,Casablanca,1
30,F,1,2,5,33.59959853727432,-7.54211556439052,Casablanca,1
44,F,19,7,9,33.59959853727432,-7.54211556439052,Casablanca,1
18,F,23,1,8,33.59959853727432,-7.54211556439052,Casablanca,1
38,F,2,2,2,33.59959853727432,-7.54211556439052,Casablanca,1
15,F,20,6,12,33.59959853727432,-7.54211556439052,Casablanca,1
39,F,5,3,7,33.59959853727432,-7.54211556439052,Casablanca,1
28,F,4,4,1,33.59959853727432,-7.54211556439052,Casablanca,1
12,F,10,3,5,33.59152658188848,-7.562284732346418,Casablanca,1
34,F,20,6,8,33.59152658188848,-7.562284732346418,Casablanca,1
8,M,13,2,6,33.59152658188848,-7.562284732346418,Casablanca,1
21,M,25,0,4,33.59152658188848,-7.562284732346418,Casablanca,1
17,F,14,1,10,33.59152658188848,-7.562284732346418,Casablanca,1
28,F,23,19,9,33.59152658188848,-7.562284732346418,Casablanca,1
7,F,7,4,12,33.59152658188848,-7.562284732346418,Casablanca,1
42,M,35,23,7,33.59152658188848,-7.562284732346418,Casablanca,1
15,M,12,6,2,33.59152658188848,-7.562284732346418,Casablanca,1
39,F,58,1,11,33.59152658188848,-7.562284732346418,Casablanca,1
6,F,6,3,3,33.59152658188848,-7.562284732346418,Casablanca,1
50,M,27,2,5,33.59152658188848,-7.562284732346418,Casablanca,1
11,M,16,5,1,33.59152658188848,-7.562284732346418,Casablanca,1
45,F,33,20,6,33.59152658188848,-7.562284732346418,Casablanca,1
9,F,9,0,10,33.59152658188848,-7.562284732346418,Casablanca,1
36,M,19,23,12,33.59152658188848,-7.562284732346418,Casablanca,1
22,F,38,21,4,33.59152658188848,-7.562284732346418,Casablanca,1
13,M,11,1,8,33.59152658188848,-7.562284732346418,Casablanca,1
19,F,26,18,3,33.59152658188848,-7.562284732346418,Casablanca,1
10,F,8,6,5,33.59152658188848,-7.562284732346418,Casablanca,1
40,M,41,0,7,33.59152658188848,-7.562284732346418,Casablanca,1
16,F,13,2,9,33.59152658188848,-7.562284732346418,Casablanca,1
27,M,22,22,11,33.59152658188848,-7.562284732346418,Casablanca,1
14,F,30,23,6,33.59152658188848,-7.562284732346418,Casablanca,1
5,M,7,4,2,33.59152658188848,-7.562284732346418,Casablanca,1
43,F,45,19,8,33.59152658188848,-7.562284732346418,Casablanca,1
20,F,17,3,1,33.59152658188848,-7.562284732346418,Casablanca,1
33,M,24,5,10,33.59152658188848,-7.562284732346418,Casablanca,1
18,F,29,18,12,33.59152658188848,-7.562284732346418,Casablanca,1
31,F,37,0,7,33.59152658188848,-7.562284732346418,Casablanca,1
23,M,20,6,3,33.59152658188848,-7.562284732346418,Casablanca,1
38,F,55,1,6,33.59152658188848,-7.562284732346418,Casablanca,1
29,M,10,2,5,33.59152658188848,-7.562284732346418,Casablanca,1
41,F,22,22,9,33.59152658188848,-7.562284732346418,Casablanca,1
24,M,31,23,4,33.59152658188848,-7.562284732346418,Casablanca,1
26,F,11,5,11,33.59152658188848,-7.562284732346418,Casablanca,1
35,M,26,0,1,33.59152658188848,-7.562284732346418,Casablanca,1
30,F,16,4,10,33.59152658188848,-7.562284732346418,Casablanca,1
44,M,39,1,2,33.59152658188848,-7.562284732346418,Casablanca,1
14,F,13,3,6,33.542447337187454,-7.569070849113809,Casablanca,1
10,M,9,15,4,33.542447337187454,-7.569070849113809,Casablanca,1
16,F,16,11,7,33.542447337187454,-7.569070849113809,Casablanca,1
8,M,6,18,2,33.542447337187454,-7.569070849113809,Casablanca,1
38,F,22,20,5,33.542447337187454,-7.569070849113809,Casablanca,1
30,M,40,0,11,33.542447337187454,-7.569070849113809,Casablanca,1
6,F,8,14,10,33.542447337187454,-7.569070849113809,Casablanca,1
25,F,35,19,9,33.542447337187454,-7.569070849113809,Casablanca,1
17,M,14,6,3,33.542447337187454,-7.569070849113809,Casablanca,1
11,F,12,7,8,33.542447337187454,-7.569070849113809,Casablanca,1
22,M,33,23,12,33.542447337187454,-7.569070849113809,Casablanca,1
15,F,11,17,6,33.542447337187454,-7.569070849113809,Casablanca,1
44,F,26,8,1,33.542447337187454,-7.569070849113809,Casablanca,1
36,M,50,4,7,33.542447337187454,-7.569070849113809,Casablanca,1
13,M,17,22,5,33.542447337187454,-7.569070849113809,Casablanca,1
19,F,24,3,4,33.542447337187454,-7.569070849113809,Casablanca,1
32,M,38,2,9,33.542447337187454,-7.569070849113809,Casablanca,1
7,F,7,9,12,33.542447337187454,-7.569070849113809,Casablanca,1
9,M,10,13,11,33.542447337187454,-7.569070849113809,Casablanca,1
41,F,30,5,10,33.542447337187454,-7.569070849113809,Casablanca,1
12,F,8,10,3,33.542447337187454,-7.569070849113809,Casablanca,1
28,F,19,21,2,33.542447337187454,-7.569070849113809,Casablanca,1
34,M,27,1,1,33.542447337187454,-7.569070849113809,Casablanca,1
10,F,6,16,8,33.542447337187454,-7.569070849113809,Casablanca,1
40,F,50,0,6,33.542447337187454,-7.569070849113809,Casablanca,1
45,M,44,23,12,33.542447337187454,-7.569070849113809,Casablanca,1
6,M,5,7,7,33.542447337187454,-7.569070849113809,Casablanca,1
20,F,21,18,9,33.542447337187454,-7.569070849113809,Casablanca,1
35,M,36,4,10,33.542447337187454,-7.569070849113809,Casablanca,1
17,F,15,12,11,33.542447337187454,-7.569070849113809,Casablanca,1
24,F,28,6,3,33.542447337187454,-7.569070849113809,Casablanca,1
31,M,46,1,2,33.542447337187454,-7.569070849113809,Casablanca,1
13,F,9,5,5,33.542447337187454,-7.569070849113809,Casablanca,1
23,M,18,0,6,33.542447337187454,-7.569070849113809,Casablanca,1
39,F,36,20,4,33.542447337187454,-7.569070849113809,Casablanca,1
8,M,7,19,7,33.542447337187454,-7.569070849113809,Casablanca,1
26,F,32,22,1,33.542447337187454,-7.569070849113809,Casablanca,1
29,M,22,2,8,33.542447337187454,-7.569070849113809,Casablanca,1
42,F,41,3,12,33.542447337187454,-7.569070849113809,Casablanca,1
13,F,14,4,5,33.612114323579746,-7.5039091501534285,Casablanca,1
10,M,9,19,7,33.612114323579746,-7.5039091501534285,Casablanca,1
16,F,15,12,6,33.612114323579746,-7.5039091501534285,Casablanca,1
7,M,8,8,2,33.612114323579746,-7.5039091501534285,Casablanca,1
35,F,22,21,9,33.612114323579746,-7.5039091501534285,Casablanca,1
29,M,45,1,10,33.612114323579746,-7.5039091501534285,Casablanca,1
6,F,7,17,11,33.612114323579746,-7.5039091501534285,Casablanca,1
24,F,34,18,12,33.612114323579746,-7.5039091501534285,Casablanca,1
15,M,14,9,1,33.612114323579746,-7.5039091501534285,Casablanca,1
11,F,10,20,3,33.612114323579746,-7.5039091501534285,Casablanca,1
40,M,30,0,4,33.612114323579746,-7.5039091501534285,Casablanca,1
12,F,9,10,6,33.612114323579746,-7.5039091501534285,Casablanca,1
37,F,25,5,8,33.612114323579746,-7.5039091501534285,Casablanca,1
33,M,36,22,9,33.612114323579746,-7.5039091501534285,Casablanca,1
9,M,7,13,10,33.612114323579746,-7.5039091501534285,Casablanca,1
19,F,20,14,11,33.612114323579746,-7.5039091501534285,Casablanca,1
28,M,40,3,2,33.612114323579746,-7.5039091501534285,Casablanca,1
8,F,6,7,12,33.612114323579746,-7.5039091501534285,Casablanca,1
10,M,11,6,3,33.612114323579746,-7.5039091501534285,Casablanca,1
44,F,27,2,4,33.612114323579746,-7.5039091501534285,Casablanca,1
38,M,50,23,5,33.612114323579746,-7.5039091501534285,Casablanca,1
6,M,5,16,6,33.612114323579746,-7.5039091501534285,Casablanca,1
22,F,23,11,7,33.612114323579746,-7.5039091501534285,Casablanca,1
30,M,32,20,1,33.612114323579746,-7.5039091501534285,Casablanca,1
15,F,13,15,2,33.612114323579746,-7.5039091501534285,Casablanca,1
41,F,31,19,3,33.612114323579746,-7.5039091501534285,Casablanca,1
13,M,17,0,4,33.612114323579746,-7.5039091501534285,Casablanca,1
20,F,24,8,5,33.612114323579746,-7.5039091501534285,Casablanca,1
36,M,47,21,6,33.612114323579746,-7.5039091501534285,Casablanca,1
7,F,8,9,7,33.612114323579746,-7.5039091501534285,Casablanca,1
27,F,35,22,8,33.612114323579746,-7.5039091501534285,Casablanca,1
31,M,44,3,9,33.612114323579746,-7.5039091501534285,Casablanca,1
12,F,10,16,10,33.612114323579746,-7.5039091501534285,Casablanca,1
26,M,20,2,11,33.612114323579746,-7.5039091501534285,Casablanca,1
39,F,40,1,12,33.612114323579746,-7.5039091501534285,Casablanca,1
14,M,12,5,1,33.612114323579746,-7.5039091501534285,Casablanca,1
23,F,30,6,2,33.612114323579746,-7.5039091501534285,Casablanca,1
34,M,42,23,3,33.612114323579746,-7.5039091501534285,Casablanca,1
42,F,38,4,4,33.612114323579746,-7.5039091501534285,Casablanca,1
23,F,30,6,2,33.59640832765891,-7.674947977315869,Casablanca,1
12,F,5,3,3,33.59640832765891,-7.674947977315869,Casablanca,1
45,F,13,7,7,33.59640832765891,-7.674947977315869,Casablanca,1
16,F,8,6,2,33.59640832765891,-7.674947977315869,Casablanca,1
10,F,18,5,4,33.59640832765891,-7.674947977315869,Casablanca,1
5,F,4,6,3,33.59640832765891,-7.674947977315869,Casablanca,1
14,F,6,7,9,33.59640832765891,-7.674947977315869,Casablanca,1
18,F,17,5,5,33.59640832765891,-7.674947977315869,Casablanca,1
12,F,21,5,12,33.59640832765891,-7.674947977315869,Casablanca,1
7,F,18,7,9,33.59640832765891,-7.674947977315869,Casablanca,1
12,F,21,2,3,33.59640832765891,-7.674947977315869,Casablanca,1
5,F,18,7,10,33.59640832765891,-7.674947977315869,Casablanca,1
13,F,9,6,12,33.59640832765891,-7.674947977315869,Casablanca,1
16,F,6,1,5,33.59640832765891,-7.674947977315869,Casablanca,1
16,F,8,1,6,33.59640832765891,-7.674947977315869,Casablanca,1
10,F,9,7,5,33.59640832765891,-7.674947977315869,Casablanca,1
13,F,6,5,8,33.59640832765891,-7.674947977315869,Casablanca,1
23,F,22,4,7,33.59640832765891,-7.674947977315869,Casablanca,1
13,F,9,3,10,33.59640832765891,-7.674947977315869,Casablanca,1
12,F,10,7,9,33.59640832765891,-7.674947977315869,Casablanca,1
12,F,4,6,3,33.59640832765891,-7.674947977315869,Casablanca,1
22,F,5,7,2,33.59640832765891,-7.674947977315869,Casablanca,1
15,F,9,7,8,33.59640832765891,-7.674947977315869,Casablanca,1
17,F,11,6,5,33.59640832765891,-7.674947977315869,Casablanca,1
10,F,8,7,12,33.59640832765891,-7.674947977315869,Casablanca,1
12,F,6,3,7,33.59640832765891,-7.674947977315869,Casablanca,1
10,F,5,4,8,33.59640832765891,-7.674947977315869,Casablanca,1
9,F,12,7,9,33.59640832765891,-7.674947977315869,Casablanca,1
13,F,8,6,4,33.59640832765891,-7.674947977315869,Casablanca,1
9,F,18,5,7,33.59640832765891,-7.674947977315869,Casablanca,1
5,F,10,7,3,33.59640832765891,-7.674947977315869,Casablanca,1
12,F,7,1,6,33.59640832765891,-7.674947977315869,Casablanca,1
15,F,6,5,10,33.59640832765891,-7.674947977315869,Casablanca,1
11,F,9,2,7,33.59640832765891,-7.674947977315869,Casablanca,1
17,F,12,3,9,33.59640832765891,-7.674947977315869,Casablanca,1
19,F,18,7,11,33.59640832765891,-7.674947977315869,Casablanca,1
18,F,9,8,7,33.59640832765891,-7.674947977315869,Casablanca,1
12,F,8,6,5,33.59640832765891,-7.674947977315869,Casablanca,1
17,F,14,6,3,33.59640832765891,-7.674947977315869,Casablanca,1
18,F,13,1,4,33.59640832765891,-7.674947977315869,Casablanca,1
6,F,22,9,1,33.59640832765891,-7.674947977315869,Casablanca,1
12,F,23,9,3,33.59640832765891,-7.674947977315869,Casablanca,1
18,F,0,9,5,33.59640832765891,-7.674947977315869,Casablanca,1
25,F,2,9,6,33.59640832765891,-7.674947977315869,Casablanca,1
32,F,4,9,7,33.59640832765891,-7.674947977315869,Casablanca,1
40,F,7,9,8,33.59640832765891,-7.674947977315869,Casablanca,1
23,M,22,9,9,33.59640832765891,-7.674947977315869,Casablanca,1
15,M,0,9,10,33.59640832765891,-7.674947977315869,Casablanca,1
21,F,23,9,11,33.59640832765891,-7.674947977315869,Casablanca,1
29,M,3,9,12,33.59640832765891,-7.674947977315869,Casablanca,1
33,F,4,9,13,33.59640832765891,-7.674947977315869,Casablanca,1
35,F,6,9,14,33.59640832765891,-7.674947977315869,Casablanca,1
28,F,8,9,15,33.59640832765891,-7.674947977315869,Casablanca,1
22,F,9,9,16,33.59640832765891,-7.674947977315869,Casablanca,1
19,M,22,9,17,33.59640832765891,-7.674947977315869,Casablanca,1
16,F,0,9,18,33.59640832765891,-7.674947977315869,Casablanca,1
38,M,3,9,19,33.59640832765891,-7.674947977315869,Casablanca,1
42,F,5,9,20,33.59640832765891,-7.674947977315869,Casablanca,1
36,F,8,9,21,33.59640832765891,-7.674947977315869,Casablanca,1
30,F,9,9,22,33.59640832765891,-7.674947977315869,Casablanca,1
27,F,11,9,23,33.59640832765891,-7.674947977315869,Casablanca,1
33,F,13,9,24,33.59640832765891,-7.674947977315869,Casablanca,1
40,F,15,9,25,33.59640832765891,-7.674947977315869,Casablanca,1
18,F,17,9,26,33.59640832765891,-7.674947977315869,Casablanca,1
31,F,19,9,27,33.59640832765891,-7.674947977315869,Casablanca,1
22,F,22,9,28,33.59640832765891,-7.674947977315869,Casablanca,1
19,F,0,9,29,33.59640832765891,-7.674947977315869,Casablanca,1
24,F,3,9,30,33.59640832765891,-7.674947977315869,Casablanca,1
29,M,5,9,31,33.59640832765891,-7.674947977315869,Casablanca,1
22,F,8,9,32,33.59640832765891,-7.674947977315869,Casablanca,1
25,M,9,9,33,33.59640832765891,-7.674947977315869,Casablanca,1
33,F,11,9,34,33.59640832765891,-7.674947977315869,Casablanca,1
19,M,14,9,35,33.59640832765891,-7.674947977315869,Casablanca,1
18,F,16,9,36,33.59640832765891,-7.674947977315869,Casablanca,1
26,F,18,9,37,33.59640832765891,-7.674947977315869,Casablanca,1
28,F,19,9,38,33.59640832765891,-7.674947977315869,Casablanca,1
27,M,21,9,39,33.59640832765891,-7.674947977315869,Casablanca,1
23,F,23,9,40,33.59640832765891,-7.674947977315869,Casablanca,1
29,F,1,9,41,33.59640832765891,-7.674947977315869,Casablanca,1
25,F,3,9,42,33.59640832765891,-7.674947977315869,Casablanca,1
24,M,4,9,43,33.59640832765891,-7.674947977315869,Casablanca,1
22,F,6,9,44,33.59640832765891,-7.674947977315869,Casablanca,1
6,F,20,9,1,33.60472078977524,-7.63860798319835,Casablanca,1
12,F,21,9,2,33.60472078977524,-7.63860798319835,Casablanca,1
18,F,22,9,3,33.60472078977524,-7.63860798319835,Casablanca,1
25,F,23,9,4,33.60472078977524,-7.63860798319835,Casablanca,1
32,F,0,9,5,33.60472078977524,-7.63860798319835,Casablanca,1
40,F,1,9,6,33.60472078977524,-7.63860798319835,Casablanca,1
23,F,2,9,7,33.60472078977524,-7.63860798319835,Casablanca,1
15,F,3,9,8,33.60472078977524,-7.63860798319835,Casablanca,1
33,F,23,9,9,33.60472078977524,-7.63860798319835,Casablanca,1
36,F,5,9,10,33.60472078977524,-7.63860798319835,Casablanca,1
28,F,6,9,11,33.60472078977524,-7.63860798319835,Casablanca,1
22,F,7,9,12,33.60472078977524,-7.63860798319835,Casablanca,1
19,F,0,9,13,33.60472078977524,-7.63860798319835,Casablanca,1
16,F,0,9,14,33.60472078977524,-7.63860798319835,Casablanca,1
18,F,0,9,15,33.60472078977524,-7.63860798319835,Casablanca,1
31,F,23,9,16,33.60472078977524,-7.63860798319835,Casablanca,1
24,F,20,9,17,33.60472078977524,-7.63860798319835,Casablanca,1
29,F,8,9,18,33.60472078977524,-7.63860798319835,Casablanca,1
22,F,7,9,19,33.60472078977524,-7.63860798319835,Casablanca,1
19,F,15,9,20,33.60472078977524,-7.63860798319835,Casablanca,1
24,F,16,9,21,33.60472078977524,-7.63860798319835,Casablanca,1
29,F,20,9,22,33.60472078977524,-7.63860798319835,Casablanca,1
25,F,21,9,23,33.60472078977524,-7.63860798319835,Casablanca,1
33,F,22,9,24,33.60472078977524,-7.63860798319835,Casablanca,1
28,F,20,9,25,33.60472078977524,-7.63860798319835,Casablanca,1
27,F,21,9,26,33.60472078977524,-7.63860798319835,Casablanca,1
33,F,22,9,27,33.60472078977524,-7.63860798319835,Casablanca,1
40,F,23,9,28,33.60472078977524,-7.63860798319835,Casablanca,1
18,F,0,9,29,33.60472078977524,-7.63860798319835,Casablanca,1
31,F,1,9,30,33.60472078977524,-7.63860798319835,Casablanca,1
22,F,2,9,31,33.60472078977524,-7.63860798319835,Casablanca,1
19,F,3,9,32,33.60472078977524,-7.63860798319835,Casablanca,1
24,F,4,9,33,33.60472078977524,-7.63860798319835,Casablanca,1
29,F,5,9,34,33.60472078977524,-7.63860798319835,Casablanca,1
25,F,6,9,35,33.60472078977524,-7.63860798319835,Casablanca,1
33,F,7,9,36,33.60472078977524,-7.63860798319835,Casablanca,1
19,F,8,9,37,33.60472078977524,-7.63860798319835,Casablanca,1
18,F,9,9,38,33.60472078977524,-7.63860798319835,Casablanca,1
26,F,10,9,39,33.60472078977524,-7.63860798319835,Casablanca,1
28,F,1,9,40,33.60472078977524,-7.63860798319835,Casablanca,1
27,F,12,9,41,33.60472078977524,-7.63860798319835,Casablanca,1
17,F,22,1,1,33.58920167334408,-7.6237807783853455,Casablanca,1
18,F,23,1,2,33.58920167334408,-7.6237807783853455,Casablanca,1
19,F,0,1,3,33.58920167334408,-7.6237807783853455,Casablanca,1
20,F,1,1,4,33.58920167334408,-7.6237807783853455,Casablanca,1
21,F,2,1,5,33.58920167334408,-7.6237807783853455,Casablanca,1
22,F,3,1,6,33.58920167334408,-7.6237807783853455,Casablanca,1
23,F,4,1,7,33.58920167334408,-7.6237807783853455,Casablanca,1
24,F,5,1,8,33.58920167334408,-7.6237807783853455,Casablanca,1
25,F,6,1,9,33.58920167334408,-7.6237807783853455,Casablanca,1
26,F,7,1,10,33.58920167334408,-7.6237807783853455,Casablanca,1
27,F,8,1,11,33.58920167334408,-7.6237807783853455,Casablanca,1
28,F,9,1,12,33.58920167334408,-7.6237807783853455,Casablanca,0
29,F,10,1,13,33.58920167334408,-7.6237807783853455,Casablanca,0
30,F,11,1,14,33.58920167334408,-7.6237807783853455,Casablanca,0
31,F,12,1,15,33.58920167334408,-7.6237807783853455,Casablanca,0
32,F,13,1,16,33.58920167334408,-7.6237807783853455,Casablanca,0
33,F,14,1,17,33.58920167334408,-7.6237807783853455,Casablanca,0
34,F,15,1,18,33.58920167334408,-7.6237807783853455,Casablanca,0
35,F,16,1,19,33.58920167334408,-7.6237807783853455,Casablanca,0
36,F,17,1,20,33.58920167334408,-7.6237807783853455,Casablanca,0
37,F,18,1,21,33.58920167334408,-7.6237807783853455,Casablanca,0
38,F,19,1,22,33.58920167334408,-7.6237807783853455,Casablanca,0
39,F,20,1,23,33.58920167334408,-7.6237807783853455,Casablanca,0
40,F,21,1,24,33.58920167334408,-7.6237807783853455,Casablanca,1
17,M,22,1,1,33.58920167334408,-7.6237807783853455,Casablanca,1
18,M,23,1,2,33.58920167334408,-7.6237807783853455,Casablanca,1
19,M,1,1,3,33.58920167334408,-7.6237807783853455,Casablanca,1
20,M,1,1,4,33.58920167334408,-7.6237807783853455,Casablanca,1
21,M,2,1,5,33.58920167334408,-7.6237807783853455,Casablanca,1
22,M,3,1,6,33.58920167334408,-7.6237807783853455,Casablanca,1
23,M,4,1,7,33.58920167334408,-7.6237807783853455,Casablanca,1
24,M,5,1,8,33.58920167334408,-7.6237807783853455,Casablanca,1
25,M,6,1,9,33.58920167334408,-7.6237807783853455,Casablanca,1
26,M,7,1,10,33.58920167334408,-7.6237807783853455,Casablanca,1
27,M,8,1,11,33.58920167334408,-7.6237807783853455,Casablanca,1
28,M,9,1,12,33.58920167334408,-7.6237807783853455,Casablanca,1
29,M,10,1,13,33.58920167334408,-7.6237807783853455,Casablanca,0
30,M,11,1,14,33.58920167334408,-7.6237807783853455,Casablanca,0
31,M,12,1,15,33.58920167334408,-7.6237807783853455,Casablanca,0
32,M,13,1,16,33.58920167334408,-7.6237807783853455,Casablanca,0
33,M,14,1,17,33.58920167334408,-7.6237807783853455,Casablanca,0
34,M,15,1,18,33.58920167334408,-7.6237807783853455,Casablanca,0
35,M,16,1,19,33.58920167334408,-7.6237807783853455,Casablanca,0
36,M,17,1,20,33.58920167334408,-7.6237807783853455,Casablanca,0
17,F,20,1,1,31.641080472719597,-8.003374457449349,Marrakech,1
18,F,21,1,2,31.641080472719597,-8.003374457449349,Marrakech,1
19,F,22,1,3,31.641080472719597,-8.003374457449349,Marrakech,1
20,F,23,1,4,31.641080472719597,-8.003374457449349,Marrakech,1
21,F,0,1,5,31.641080472719597,-8.003374457449349,Marrakech,1
22,F,1,1,6,31.641080472719597,-8.003374457449349,Marrakech,1
23,F,2,1,7,31.641080472719597,-8.003374457449349,Marrakech,1
24,F,3,1,8,31.641080472719597,-8.003374457449349,Marrakech,1
25,F,4,1,9,31.641080472719597,-8.003374457449349,Marrakech,1
26,F,5,1,10,31.641080472719597,-8.003374457449349,Marrakech,1
27,F,6,1,11,31.641080472719597,-8.003374457449349,Marrakech,1
28,F,7,1,12,31.641080472719597,-8.003374457449349,Marrakech,1
29,F,8,1,13,31.641080472719597,-8.003374457449349,Marrakech,1
30,F,9,1,14,31.641080472719597,-8.003374457449349,Marrakech,0
31,F,10,1,15,31.641080472719597,-8.003374457449349,Marrakech,0
32,F,11,1,16,31.641080472719597,-8.003374457449349,Marrakech,0
33,F,12,1,17,31.641080472719597,-8.003374457449349,Marrakech,0
34,F,13,1,18,31.641080472719597,-8.003374457449349,Marrakech,0
35,F,14,1,19,31.641080472719597,-8.003374457449349,Marrakech,0
36,F,15,1,20,31.641080472719597,-8.003374457449349,Marrakech,0
37,F,16,1,21,31.641080472719597,-8.003374457449349,Marrakech,0
38,F,17,1,22,31.641080472719597,-8.003374457449349,Marrakech,0
39,F,18,1,23,31.641080472719597,-8.003374457449349,Marrakech,0
40,F,19,1,24,31.641080472719597,-8.003374457449349,Marrakech,0
17,M,20,1,1,31.641080472719597,-8.003374457449349,Marrakech,0
18,M,21,1,2,31.641080472719597,-8.003374457449349,Marrakech,0
19,M,22,1,3,31.641080472719597,-8.003374457449349,Marrakech,0
20,M,23,1,4,31.641080472719597,-8.003374457449349,Marrakech,0
21,M,0,1,5,31.641080472719597,-8.003374457449349,Marrakech,1
22,M,1,1,6,31.641080472719597,-8.003374457449349,Marrakech,1
23,M,2,1,7,31.641080472719597,-8.003374457449349,Marrakech,1
24,M,3,1,8,31.641080472719597,-8.003374457449349,Marrakech,1
25,M,4,1,9,31.641080472719597,-8.003374457449349,Marrakech,1
26,M,5,1,10,31.641080472719597,-8.003374457449349,Marrakech,1
27,M,6,1,11,31.641080472719597,-8.003374457449349,Marrakech,1
28,M,7,1,12,31.641080472719597,-8.003374457449349,Marrakech,1
29,M,8,1,13,31.641080472719597,-8.003374457449349,Marrakech,0
30,M,9,1,14,31.641080472719597,-8.003374457449349,Marrakech,0
31,M,10,1,15,31.641080472719597,-8.003374457449349,Marrakech,0
32,M,11,1,16,31.641080472719597,-8.003374457449349,Marrakech,0
33,M,12,1,17,31.641080472719597,-8.003374457449349,Marrakech,0
17,F,9,1,1,31.623658352745476,-7.993628736165647,Marrakech,0
18,F,10,1,2,31.623658352745476,-7.993628736165647,Marrakech,0
19,F,11,1,3,31.623658352745476,-7.993628736165647,Marrakech,0
20,F,12,1,4,31.623658352745476,-7.993628736165647,Marrakech,0
21,F,16,1,5,31.623658352745476,-7.993628736165647,Marrakech,0
22,F,17,1,6,31.623658352745476,-7.993628736165647,Marrakech,0
23,F,18,1,7,31.623658352745476,-7.993628736165647,Marrakech,0
24,F,19,1,8,31.623658352745476,-7.993628736165647,Marrakech,0
25,F,20,1,9,31.623658352745476,-7.993628736165647,Marrakech,1
26,F,21,1,10,31.623658352745476,-7.993628736165647,Marrakech,1
27,F,22,1,11,31.623658352745476,-7.993628736165647,Marrakech,1
28,F,23,1,12,31.623658352745476,-7.993628736165647,Marrakech,1
29,F,0,1,13,31.623658352745476,-7.993628736165647,Marrakech,1
30,F,1,1,14,31.623658352745476,-7.993628736165647,Marrakech,1
31,F,2,1,15,31.623658352745476,-7.993628736165647,Marrakech,1
32,F,3,1,16,31.623658352745476,-7.993628736165647,Marrakech,1
33,F,4,1,17,31.623658352745476,-7.993628736165647,Marrakech,1
34,F,5,1,18,31.623658352745476,-7.993628736165647,Marrakech,1
35,F,6,1,19,31.623658352745476,-7.993628736165647,Marrakech,1
36,F,7,1,20,31.623658352745476,-7.993628736165647,Marrakech,1
37,F,8,1,21,31.623658352745476,-7.993628736165647,Marrakech,1
38,F,9,1,22,31.623658352745476,-7.993628736165647,Marrakech,0
39,F,10,1,23,31.623658352745476,-7.993628736165647,Marrakech,0
40,F,11,1,24,31.623658352745476,-7.993628736165647,Marrakech,0
17,M,9,1,1,31.623658352745476,-7.993628736165647,Marrakech,0
18,M,10,1,2,31.623658352745476,-7.993628736165647,Marrakech,0
19,M,11,1,3,31.623658352745476,-7.993628736165647,Marrakech,0
20,M,12,1,4,31.623658352745476,-7.993628736165647,Marrakech,0
21,M,16,1,5,31.623658352745476,-7.993628736165647,Marrakech,0
22,M,17,1,6,31.623658352745476,-7.993628736165647,Marrakech,0
23,M,18,1,7,31.623658352745476,-7.993628736165647,Marrakech,0
24,M,19,1,8,31.623658352745476,-7.993628736165647,Marrakech,0
25,M,20,1,9,31.623658352745476,-7.993628736165647,Marrakech,0
26,M,21,1,10,31.623658352745476,-7.993628736165647,Marrakech,0
27,M,22,1,11,31.623658352745476,-7.993628736165647,Marrakech,1
28,M,23,1,12,31.623658352745476,-7.993628736165647,Marrakech,1
29,M,0,1,13,31.623658352745476,-7.993628736165647,Marrakech,1
30,M,1,1,14,31.623658352745476,-7.993628736165647,Marrakech,1
31,M,2,1,15,31.623658352745476,-7.993628736165647,Marrakech,1
32,M,3,1,16,31.623658352745476,-7.993628736165647,Marrakech,1
33,M,4,1,17,31.623658352745476,-7.993628736165647,Marrakech,1
34,M,5,1,18,31.623658352745476,-7.993628736165647,Marrakech,1
35,M,6,1,19,31.623658352745476,-7.993628736165647,Marrakech,1
36,M,7,1,20,31.623658352745476,-7.993628736165647,Marrakech,1
37,M,8,1,21,31.623658352745476,-7.993628736165647,Marrakech,0
38,M,9,1,22,31.623658352745476,-7.993628736165647,Marrakech,0
39,M,10,1,23,31.623658352745476,-7.993628736165647,Marrakech,0
40,M,11,1,24,31.623658352745476,-7.993628736165647,Marrakech,0
12,F,21,3,5,31.614299664279347,-8.022542505478919,Marrakech,1
10,M,23,5,6,31.614299664279347,-8.022542505478919,Marrakech,1
15,F,1,7,4,31.614299664279347,-8.022542505478919,Marrakech,1
16,F,4,2,10,31.614299664279347,-8.022542505478919,Marrakech,1
9,M,6,1,3,31.614299664279347,-8.022542505478919,Marrakech,1
11,F,7,6,11,31.614299664279347,-8.022542505478919,Marrakech,1
14,M,22,3,2,31.614299664279347,-8.022542505478919,Marrakech,1
8,F,20,5,12,31.614299664279347,-8.022542505478919,Marrakech,1
13,M,3,7,7,31.614299664279347,-8.022542505478919,Marrakech,1
7,F,0,4,9,31.614299664279347,-8.022542505478919,Marrakech,1
19,F,21,2,6,31.614299664279347,-8.022542505478919,Marrakech,1
24,F,23,1,8,31.614299664279347,-8.022542505478919,Marrakech,1
30,F,2,3,5,31.614299664279347,-8.022542505478919,Marrakech,1
22,F,0,6,10,31.614299664279347,-8.022542505478919,Marrakech,1
27,F,5,5,7,31.614299664279347,-8.022542505478919,Marrakech,1
31,F,6,4,11,31.614299664279347,-8.022542505478919,Marrakech,1
35,F,3,2,3,31.614299664279347,-8.022542505478919,Marrakech,1
38,F,1,7,8,31.614299664279347,-8.022542505478919,Marrakech,1
21,F,22,6,2,31.614299664279347,-8.022542505478919,Marrakech,1
33,F,20,5,4,31.614299664279347,-8.022542505478919,Marrakech,1
17,F,11,3,9,31.614299664279347,-8.022542505478919,Marrakech,0
18,F,13,4,6,31.614299664279347,-8.022542505478919,Marrakech,0
22,M,10,2,7,31.614299664279347,-8.022542505478919,Marrakech,0
28,F,12,6,8,31.614299664279347,-8.022542505478919,Marrakech,0
31,M,15,5,5,31.614299664279347,-8.022542505478919,Marrakech,0
25,F,16,1,10,31.614299664279347,-8.022542505478919,Marrakech,0
34,M,14,3,12,31.614299664279347,-8.022542505478919,Marrakech,0
26,F,17,2,1,31.614299664279347,-8.022542505478919,Marrakech,0
29,M,18,7,6,31.614299664279347,-8.022542505478919,Marrakech,0
23,F,19,4,9,31.614299664279347,-8.022542505478919,Marrakech,0
12,F,21,2,6,31.614299664279347,-8.022542505478919,Marrakech,1
14,M,0,6,7,31.614299664279347,-8.022542505478919,Marrakech,1
16,F,2,3,10,31.614299664279347,-8.022542505478919,Marrakech,1
13,F,6,5,3,31.614299664279347,-8.022542505478919,Marrakech,1
11,M,23,1,4,31.614299664279347,-8.022542505478919,Marrakech,1
15,F,1,7,12,31.614299664279347,-8.022542505478919,Marrakech,1
8,F,5,2,8,31.614299664279347,-8.022542505478919,Marrakech,1
10,M,3,6,9,31.614299664279347,-8.022542505478919,Marrakech,1
9,F,22,4,11,31.614299664279347,-8.022542505478919,Marrakech,1
7,F,0,3,1,31.614299664279347,-8.022542505478919,Marrakech,1
18,M,11,2,5,31.614299664279347,-8.022542505478919,Marrakech,0
21,F,12,6,6,31.614299664279347,-8.022542505478919,Marrakech,0
26,F,10,1,7,31.614299664279347,-8.022542505478919,Marrakech,0
30,M,13,5,8,31.614299664279347,-8.022542505478919,Marrakech,0
34,F,15,4,10,31.614299664279347,-8.022542505478919,Marrakech,0
32,F,17,2,12,31.614299664279347,-8.022542505478919,Marrakech,0
24,F,14,7,11,31.614299664279347,-8.022542505478919,Marrakech,0
29,M,16,1,9,31.614299664279347,-8.022542505478919,Marrakech,0
35,F,18,3,3,31.614299664279347,-8.022542505478919,Marrakech,0
20,F,19,6,4,31.614299664279347,-8.022542505478919,Marrakech,0
18,F,9,2,3,30.417037257553766,-9.605315690198244,Agadir,0
19,F,10,5,5,30.417037257553766,-9.605315690198244,Agadir,0
21,M,11,3,6,30.417037257553766,-9.605315690198244,Agadir,0
22,F,12,6,7,30.417037257553766,-9.605315690198244,Agadir,0
25,F,13,4,8,30.417037257553766,-9.605315690198244,Agadir,0
28,M,14,1,9,30.417037257553766,-9.605315690198244,Agadir,0
30,F,15,7,10,30.417037257553766,-9.605315690198244,Agadir,0
27,F,16,2,11,30.417037257553766,-9.605315690198244,Agadir,0
24,F,17,5,12,30.417037257553766,-9.605315690198244,Agadir,0
20,F,18,3,1,30.417037257553766,-9.605315690198244,Agadir,0
19,F,19,6,2,30.417037257553766,-9.605315690198244,Agadir,0
23,M,20,4,3,30.417037257553766,-9.605315690198244,Agadir,0
17,F,21,7,4,30.417037257553766,-9.605315690198244,Agadir,1
18,F,22,2,5,30.417037257553766,-9.605315690198244,Agadir,1
19,F,23,5,6,30.417037257553766,-9.605315690198244,Agadir,1
22,M,0,3,7,30.417037257553766,-9.605315690198244,Agadir,1
26,F,1,6,8,30.417037257553766,-9.605315690198244,Agadir,1
28,F,2,4,9,30.417037257553766,-9.605315690198244,Agadir,1
29,F,3,1,10,30.417037257553766,-9.605315690198244,Agadir,1
31,F,4,7,11,30.417037257553766,-9.605315690198244,Agadir,1
34,F,5,2,12,30.417037257553766,-9.605315690198244,Agadir,1
36,M,6,5,1,30.417037257553766,-9.605315690198244,Agadir,1
20,F,7,3,2,30.417037257553766,-9.605315690198244,Agadir,1
22,F,8,6,3,30.417037257553766,-9.605315690198244,Agadir,1
23,M,9,4,4,30.417037257553766,-9.605315690198244,Agadir,0
24,F,10,1,5,30.417037257553766,-9.605315690198244,Agadir,0
25,F,11,7,6,30.417037257553766,-9.605315690198244,Agadir,0
26,M,12,2,7,30.417037257553766,-9.605315690198244,Agadir,0
27,F,13,5,8,30.417037257553766,-9.605315690198244,Agadir,0
28,F,14,3,9,30.417037257553766,-9.605315690198244,Agadir,0
29,F,15,6,10,30.417037257553766,-9.605315690198244,Agadir,0
30,M,16,4,11,30.417037257553766,-9.605315690198244,Agadir,0
32,F,17,1,12,30.417037257553766,-9.605315690198244,Agadir,0
21,F,18,7,1,30.417037257553766,-9.605315690198244,Agadir,0
22,M,19,2,2,30.417037257553766,-9.605315690198244,Agadir,0
23,F,20,5,3,30.417037257553766,-9.605315690198244,Agadir,0
18,F,21,3,4,30.417037257553766,-9.605315690198244,Agadir,1
20,F,22,6,5,30.417037257553766,-9.605315690198244,Agadir,1
21,F,23,4,6,30.417037257553766,-9.605315690198244,Agadir,1
24,M,0,1,7,30.417037257553766,-9.605315690198244,Agadir,1
25,F,1,7,8,30.417037257553766,-9.605315690198244,Agadir,1
26,F,2,2,9,30.417037257553766,-9.605315690198244,Agadir,1
27,F,3,5,10,30.417037257553766,-9.605315690198244,Agadir,1
28,M,4,3,11,30.417037257553766,-9.605315690198244,Agadir,1
29,F,5,6,12,30.417037257553766,-9.605315690198244,Agadir,1
30,F,6,4,1,30.417037257553766,-9.605315690198244,Agadir,1
31,F,7,1,2,30.417037257553766,-9.605315690198244,Agadir,1
32,M,8,7,3,30.417037257553766,-9.605315690198244,Agadir,1
18,F,9,2,4,30.417037257553766,-9.605315690198244,Agadir,0
19,F,10,5,5,30.417037257553766,-9.605315690198244,Agadir,0
22,M,11,3,6,30.417037257553766,-9.605315690198244,Agadir,0
24,F,12,6,7,30.417037257553766,-9.605315690198244,Agadir,0
25,F,13,4,8,30.417037257553766,-9.605315690198244,Agadir,0
27,F,14,1,9,30.417037257553766,-9.605315690198244,Agadir,0
29,M,15,7,10,30.417037257553766,-9.605315690198244,Agadir,0
30,F,16,2,11,30.417037257553766,-9.605315690198244,Agadir,0
18,F,9,2,3,30.405087969045173,-9.600942916418274,Agadir,0
19,F,10,5,5,30.405087969045173,-9.600942916418274,Agadir,0
21,M,11,3,6,30.405087969045173,-9.600942916418274,Agadir,0
22,F,12,6,7,30.405087969045173,-9.600942916418274,Agadir,0
25,F,13,4,8,30.405087969045173,-9.600942916418274,Agadir,0
28,M,14,1,9,30.405087969045173,-9.600942916418274,Agadir,0
30,F,15,7,10,30.405087969045173,-9.600942916418274,Agadir,0
27,F,16,2,11,30.405087969045173,-9.600942916418274,Agadir,0
24,F,17,5,12,30.405087969045173,-9.600942916418274,Agadir,0
20,F,18,3,1,30.405087969045173,-9.600942916418274,Agadir,0
19,F,19,6,2,30.405087969045173,-9.600942916418274,Agadir,0
23,M,20,4,3,30.405087969045173,-9.600942916418274,Agadir,0
17,F,21,7,4,30.405087969045173,-9.600942916418274,Agadir,0
18,F,22,2,5,30.405087969045173,-9.600942916418274,Agadir,0
19,F,23,5,6,30.405087969045173,-9.600942916418274,Agadir,0
22,M,0,3,7,30.405087969045173,-9.600942916418274,Agadir,1
26,F,1,6,8,30.405087969045173,-9.600942916418274,Agadir,1
28,F,2,4,9,30.405087969045173,-9.600942916418274,Agadir,1
29,F,3,1,10,30.405087969045173,-9.600942916418274,Agadir,1
31,F,4,7,11,30.405087969045173,-9.600942916418274,Agadir,1
34,F,5,2,12,30.405087969045173,-9.600942916418274,Agadir,1
36,M,6,5,1,30.405087969045173,-9.600942916418274,Agadir,1
20,F,7,3,2,30.405087969045173,-9.600942916418274,Agadir,1
18,F,10,3,3,30.429474255341084,-9.623865640464178,Agadir,0
20,F,11,6,5,30.429474255341084,-9.623865640464178,Agadir,0
22,M,12,3,6,30.429474255341084,-9.623865640464178,Agadir,0
25,F,13,6,7,30.429474255341084,-9.623865640464178,Agadir,0
27,F,14,4,8,30.429474255341084,-9.623865640464178,Agadir,0
28,M,15,1,9,30.429474255341084,-9.623865640464178,Agadir,0
30,F,16,7,10,30.429474255341084,-9.623865640464178,Agadir,0
32,F,17,2,11,30.429474255341084,-9.623865640464178,Agadir,0
23,F,18,5,12,30.429474255341084,-9.623865640464178,Agadir,0
20,F,19,3,1,30.429474255341084,-9.623865640464178,Agadir,0
19,F,20,6,2,30.429474255341084,-9.623865640464178,Agadir,0
22,M,21,4,3,30.429474255341084,-9.623865640464178,Agadir,0
17,F,22,7,4,30.429474255341084,-9.623865640464178,Agadir,0
18,F,23,2,5,30.429474255341084,-9.623865640464178,Agadir,0
19,F,24,5,6,30.429474255341084,-9.623865640464178,Agadir,0
10,F,0,3,7,30.429474255341084,-9.623865640464178,Agadir,1
11,F,1,6,8,30.429474255341084,-9.623865640464178,Agadir,1
12,F,2,4,9,30.429474255341084,-9.623865640464178,Agadir,1
9,F,3,1,10,30.429474255341084,-9.623865640464178,Agadir,1
8,F,4,7,11,30.429474255341084,-9.623865640464178,Agadir,1
10,F,5,2,12,30.429474255341084,-9.623865640464178,Agadir,1
20,F,17,3,1,30.378710684298586,-9.572366465066917,Agadir,1
21,F,18,6,2,30.378710684298586,-9.572366465066917,Agadir,1
22,F,19,4,3,30.378710684298586,-9.572366465066917,Agadir,1
23,F,20,7,4,30.378710684298586,-9.572366465066917,Agadir,1
24,F,21,2,5,30.378710684298586,-9.572366465066917,Agadir,1
25,F,22,5,6,30.378710684298586,-9.572366465066917,Agadir,1
26,M,9,3,7,30.378710684298586,-9.572366465066917,Agadir,0
1,F,17,9,1,30.378710684298586,-9.572366465066917,Agadir,1
2,F,18,10,2,30.378710684298586,-9.572366465066917,Agadir,1
3,F,19,11,3,30.378710684298586,-9.572366465066917,Agadir,1
4,F,20,12,4,30.378710684298586,-9.572366465066917,Agadir,1
5,F,21,13,5,30.378710684298586,-9.572366465066917,Agadir,1
6,F,22,14,6,30.378710684298586,-9.572366465066917,Agadir,1
7,M,11,9,7,30.378710684298586,-9.572366465066917,Agadir,0
8,F,10,10,8,30.378710684298586,-9.572366465066917,Agadir,0
9,F,1,11,9,30.378710684298586,-9.572366465066917,Agadir,0
10,M,12,12,10,30.378710684298586,-9.572366465066917,Agadir,0
1,F,9,9,1,30.41280535094692,-9.579682777239338,Agadir,0
2,F,10,9,2,30.41280535094692,-9.579682777239338,Agadir,0
3,F,11,9,3,30.41280535094692,-9.579682777239338,Agadir,0
4,F,12,9,4,30.41280535094692,-9.579682777239338,Agadir,0
5,F,13,9,5,30.41280535094692,-9.579682777239338,Agadir,0
6,F,9,9,6,30.41280535094692,-9.579682777239338,Agadir,0
7,F,10,9,7,30.41280535094692,-9.579682777239338,Agadir,0
8,F,11,9,8,30.41280535094692,-9.579682777239338,Agadir,0
9,F,12,9,9,30.41280535094692,-9.579682777239338,Agadir,0
10,F,13,9,10,30.41280535094692,-9.579682777239338,Agadir,0















